"date","views","unique_visitors","collected_at"
"2026-08-26","34","8","2026-09-10T04:51:37Z"
"2026-08-27","49","11","2026-09-10T16:46:36Z"
"2026-08-28","39","8","2026-09-11T16:49:54Z"
"2026-08-29","19","9","2026-09-12T15:56:09Z"
"2026-08-30","27","5","2026-09-13T16:45:15Z"
"2026-08-31","44","8","2026-09-14T18:16:41Z"
"2026-09-01","168","74","2026-09-15T17:24:37Z"
"2026-09-02","31","14","2026-09-16T17:23:43Z"
"2026-09-03","77","20","2026-09-17T17:22:49Z"
"2026-09-04","32","9","2026-09-18T16:50:15Z"
"2026-09-05","14","4","2026-09-19T16:09:50Z"
"2026-09-06","29","10","2026-09-20T16:38:23Z"
"2026-09-07","19","7","2026-09-21T18:24:16Z"
"2026-09-08","17","13","2026-09-22T17:26:53Z"
"2026-09-09","30","8","2026-09-23T17:36:22Z"
"2026-09-10","59","4","2026-09-29T18:23:35Z"
"2026-09-11","59","7","2026-09-29T18:23:35Z"
"2026-09-12","36","7","2026-09-29T18:23:35Z"
"2026-09-13","14","3","2026-09-29T18:23:35Z"
"2026-09-14","12","5","2026-09-29T18:23:35Z"
"2026-09-15","23","4","2026-09-29T18:23:35Z"
"2026-09-16","15","9","2026-09-30T18:12:59Z"
"2026-09-17","15","7","2026-10-01T18:38:22Z"
"2026-09-18","11","5","2026-10-02T18:07:57Z"
"2026-09-19","25","6","2026-10-03T16:53:23Z"
"2026-09-20","11","6","2026-10-04T17:12:12Z"
"2026-09-21","36","16","2026-10-05T20:53:10Z"
"2026-09-22","12","7","2026-10-06T18:42:24Z"
"2026-09-23","39","7","2026-10-07T19:08:36Z"
"2026-09-24","26","12","2026-10-08T19:04:52Z"
"2026-09-25","23","5","2026-10-08T19:04:52Z"
"2026-09-26","11","4","2026-10-08T19:04:52Z"
"2026-09-27","21","5","2026-10-08T19:04:52Z"
"2026-09-28","25","4","2026-10-08T19:04:52Z"
"2026-09-29","19","3","2026-10-08T19:04:52Z"
"2026-09-30","6","2","2026-10-08T19:04:52Z"
"2026-10-01","64","3","2026-10-08T19:04:52Z"
"2026-10-02","55","7","2026-10-08T19:04:52Z"
"2026-10-03","30","5","2026-10-08T19:04:52Z"
"2026-10-04","26","3","2026-10-08T19:04:52Z"
"2026-10-05","9","1","2026-10-08T19:04:52Z"
"2026-10-06","17","2","2026-10-08T19:04:52Z"
"2026-10-07","5","1","2026-10-08T19:04:52Z"
